<?xml version="1.0"?>

<configuration>
    <property>
        <name>yarn.nodemanager.aux-services</name>
        <value>mapreduce_shuffle</value>
    </property>
    
    <property>
        <name>yarn.resourcemanager.hostname</name>
        <value>my-hadoop-master</value>
    </property>

	<property>
		<name>yarn.nodemanager.pmem-check-enabled</name>
		<value>false</value>
	</property>

	<property>
		<name>yarn.nodemanager.vmem-check-enabled</name>
		<value>false</value>
	</property>

	
</configuration>
